{"cameraMode":{"drawMode":0,"name":"Shaded","section":"Shading Mode"},"sceneLighting":true,"audioPlay":false,"sceneViewState":{"showFog":true,"showMaterialUpdate":false,"showSkybox":true,"showFlares":true,"showImageEffects":true,"showParticleSystems":true},"in2DMode":false,"pivot":{"x":486.0373229980469,"y":-196.96084594726563,"z":-187.23046875},"rotation":{"x":-0.03345256298780441,"y":-0.8081234097480774,"z":0.046112995594739917,"w":-0.5862517952919006},"size":520.9447631835938,"orthographic":true}